File_name,flash percent,flash,ram,Code,RO_data,RW_data,ZI_data
c_w.l,17.230146%,10631,324,10068,563,0,324
app_menu.o,8.153971%,5031,600,4736,123,172,428
eeprom_drive.o,5.683955%,3507,260,3002,497,8,252
tasks.o,4.846029%,2990,300,2930,0,60,240
fz_ws.l,4.327391%,2670,0,2670,0,0,0
oled_data.o,3.784441%,2335,0,0,2335,0,0
e4gdtu.o,3.722852%,2297,262,2254,37,6,256
task.o,3.439222%,2122,1,2072,49,1,0
btod.o,3.137763%,1936,0,1936,0,0,0
oled.o,2.816856%,1738,1024,1738,0,0,1024
queue.o,2.713128%,1674,64,1674,0,0,64
stm32f1xx_hal_uart.o,2.518639%,1554,0,1554,0,0,0
stm32f1xx_hal_rcc.o,2.142626%,1322,0,1304,18,0,0
myrtc.o,1.889789%,1166,0,978,188,0,0
free_menu.o,1.711507%,1056,28,1028,0,28,0
_printf_fp_dec.o,1.708266%,1054,0,1054,0,0,0
_scanf.o,1.432739%,884,0,884,0,0,0
_printf_fp_hex.o,1.299838%,802,0,764,38,0,0
outlog.o,1.239870%,765,16,656,93,16,0
port.o,1.092383%,674,12,662,0,12,0
stm32f1xx_hal_tim.o,0.991896%,612,0,612,0,0,0
stm32f1xx_hal_gpio.o,0.875203%,540,0,540,0,0,0
heap_4.o,0.836305%,516,9248,484,0,32,9216
i2c.o,0.774716%,478,0,478,0,0,0
usart.o,0.721232%,445,144,428,17,0,144
freertos.o,0.719611%,444,36,204,204,36,0
faddsub_clz.o,0.696921%,430,0,430,0,0,0
mktime.o,0.693679%,428,0,428,0,0,0
stm32f1xx_hal_rcc_ex.o,0.677472%,418,0,400,18,0,0
__printf_flags_ss_wp.o,0.662885%,409,0,392,17,0,0
key.o,0.641815%,396,8,388,0,8,0
fdiv.o,0.628849%,388,0,388,0,0,0
bigflt0.o,0.609400%,376,0,228,148,0,0
at24c64.o,0.580227%,358,0,358,0,0,0
dmul.o,0.551053%,340,0,340,0,0,0
_scanf_int.o,0.538088%,332,0,332,0,0,0
lc_ctype_c.o,0.512156%,316,0,44,272,0,0
stm32f1xx_hal_rtc.o,0.505673%,312,0,312,0,0,0
startup_stm32f103xb.o,0.486224%,300,5120,64,236,0,5120
gpio.o,0.453809%,280,0,280,0,0,0
fmul.o,0.418152%,258,0,258,0,0,0
lludivv7m.o,0.385737%,238,0,238,0,0,0
_scanf_str.o,0.363047%,224,0,224,0,0,0
stm32f1xx_hal_dma.o,0.359806%,222,0,222,0,0,0
_printf_wctomb.o,0.317666%,196,0,188,8,0,0
stm32f1xx_hal_cortex.o,0.314425%,194,0,194,0,0,0
main.o,0.311183%,192,0,192,0,0,0
_printf_hex_int_ll_ptr.o,0.304700%,188,0,148,40,0,0
_printf_intcommon.o,0.288493%,178,0,178,0,0,0
dnaninf.o,0.252836%,156,0,156,0,0,0
fnaninf.o,0.226904%,140,0,140,0,0,0
stm32f1xx_hal_timebase_tim.o,0.226904%,140,72,140,0,0,72
rt_memcpy_v6.o,0.223663%,138,0,138,0,0,0
lludiv10.o,0.223663%,138,0,138,0,0,0
list.o,0.223663%,138,0,138,0,0,0
strcmpv7m.o,0.207455%,128,0,128,0,0,0
_printf_fp_infnan.o,0.207455%,128,0,128,0,0,0
_printf_longlong_dec.o,0.200972%,124,0,124,0,0,0
_printf_dec.o,0.194489%,120,0,120,0,0,0
rand.o,0.181524%,112,228,112,0,0,228
_printf_oct_int_ll.o,0.181524%,112,0,112,0,0,0
stm32f1xx_hal_iwdg.o,0.171799%,106,0,106,0,0,0
fleqf.o,0.168558%,104,0,104,0,0,0
feqf.o,0.168558%,104,0,104,0,0,0
retnan.o,0.162075%,100,0,100,0,0,0
rt_memcpy_w.o,0.162075%,100,0,100,0,0,0
frleqf.o,0.158833%,98,0,98,0,0,0
d2f.o,0.158833%,98,0,98,0,0,0
__dczerorl2.o,0.145867%,90,0,90,0,0,0
memcmp.o,0.142626%,88,0,88,0,0,0
fflt_clz.o,0.139384%,86,0,86,0,0,0
f2d.o,0.139384%,86,0,86,0,0,0
strncpy.o,0.139384%,86,0,86,0,0,0
rtc.o,0.136143%,84,20,84,0,0,20
_printf_str.o,0.132901%,82,0,82,0,0,0
capture_traffic.o,0.129660%,80,16,64,0,16,0
rt_memclr_w.o,0.126418%,78,0,78,0,0,0
_printf_pad.o,0.126418%,78,0,78,0,0,0
scalbnf.o,0.123177%,76,0,76,0,0,0
stm32f1xx_hal.o,0.123177%,76,12,64,0,12,0
cmsis_os.o,0.123177%,76,0,76,0,0,0
sys_stackheap_outer.o,0.119935%,74,0,74,0,0,0
llsdiv.o,0.116694%,72,0,72,0,0,0
lc_numeric_c.o,0.116694%,72,0,44,28,0,0
stm32f1xx_hal_msp.o,0.116694%,72,0,72,0,0,0
rt_memclr.o,0.110211%,68,0,68,0,0,0
_wcrtomb.o,0.103728%,64,0,64,0,0,0
_sgetc.o,0.103728%,64,0,64,0,0,0
strlen.o,0.100486%,62,0,62,0,0,0
__0sscanf.o,0.097245%,60,0,60,0,0,0
stm32f1xx_it.o,0.090762%,56,0,56,0,0,0
delay.o,0.090762%,56,0,56,0,0,0
ffix.o,0.087520%,54,0,54,0,0,0
vsnprintf.o,0.084279%,52,0,52,0,0,0
__scatter.o,0.084279%,52,0,52,0,0,0
trapv.o,0.077796%,48,0,48,0,0,0
_printf_char_common.o,0.077796%,48,0,48,0,0,0
scanf_char.o,0.071313%,44,0,44,0,0,0
_printf_wchar.o,0.071313%,44,0,44,0,0,0
_printf_char.o,0.071313%,44,0,44,0,0,0
__2sprintf.o,0.071313%,44,0,44,0,0,0
led.o,0.071313%,44,0,44,0,0,0
iwdg.o,0.071313%,44,12,44,0,0,12
m_ws.l,0.064830%,40,0,40,0,0,0
fpclassify.o,0.064830%,40,0,40,0,0,0
_printf_charcount.o,0.064830%,40,0,40,0,0,0
dflt_clz.o,0.061588%,38,0,38,0,0,0
strstr.o,0.058347%,36,0,36,0,0,0
_printf_truncate.o,0.058347%,36,0,36,0,0,0
_printf_char_file.o,0.058347%,36,0,36,0,0,0
libinit2.o,0.055105%,34,0,34,0,0,0
stm32f1xx_hal_rtc_ex.o,0.051864%,32,0,32,0,0,0
system_stm32f1xx.o,0.048622%,30,4,2,24,4,0
printf.o,0.048622%,30,4,26,0,4,0
_chval.o,0.045381%,28,0,28,0,0,0
__scatter_zi.o,0.045381%,28,0,28,0,0,0
fcmpi.o,0.038898%,24,0,24,0,0,0
__2printf.o,0.038898%,24,0,24,0,0,0
isspace.o,0.029173%,18,0,18,0,0,0
exit.o,0.029173%,18,0,18,0,0,0
rt_ctype_table.o,0.025932%,16,0,16,0,0,0
aeabi_memset.o,0.025932%,16,0,16,0,0,0
_snputc.o,0.025932%,16,0,16,0,0,0
__printf_wp.o,0.022690%,14,0,14,0,0,0
fcheck1.o,0.019449%,12,0,12,0,0,0
dretinf.o,0.019449%,12,0,12,0,0,0
_monlen.o,0.019449%,12,0,0,12,0,0
__rtentry2.o,0.019449%,12,0,12,0,0,0
stm32f1xx_hal_pwr.o,0.019449%,12,0,12,0,0,0
fretinf.o,0.016207%,10,0,10,0,0,0
rtexit2.o,0.016207%,10,0,10,0,0,0
_sputc.o,0.016207%,10,0,10,0,0,0
_printf_ll.o,0.016207%,10,0,10,0,0,0
_printf_l.o,0.016207%,10,0,10,0,0,0
rt_locale_intlibspace.o,0.012966%,8,0,8,0,0,0
libspace.o,0.012966%,8,96,8,0,0,96
ferror.o,0.012966%,8,0,8,0,0,0
__main.o,0.012966%,8,0,8,0,0,0
heapauxi.o,0.009724%,6,0,6,0,0,0
_printf_x.o,0.009724%,6,0,6,0,0,0
_printf_u.o,0.009724%,6,0,6,0,0,0
_printf_s.o,0.009724%,6,0,6,0,0,0
_printf_p.o,0.009724%,6,0,6,0,0,0
_printf_o.o,0.009724%,6,0,6,0,0,0
_printf_n.o,0.009724%,6,0,6,0,0,0
_printf_ls.o,0.009724%,6,0,6,0,0,0
_printf_llx.o,0.009724%,6,0,6,0,0,0
_printf_llu.o,0.009724%,6,0,6,0,0,0
_printf_llo.o,0.009724%,6,0,6,0,0,0
_printf_lli.o,0.009724%,6,0,6,0,0,0
_printf_lld.o,0.009724%,6,0,6,0,0,0
_printf_lc.o,0.009724%,6,0,6,0,0,0
_printf_i.o,0.009724%,6,0,6,0,0,0
_printf_g.o,0.009724%,6,0,6,0,0,0
_printf_f.o,0.009724%,6,0,6,0,0,0
_printf_e.o,0.009724%,6,0,6,0,0,0
_printf_d.o,0.009724%,6,0,6,0,0,0
_printf_c.o,0.009724%,6,0,6,0,0,0
_printf_a.o,0.009724%,6,0,6,0,0,0
__rtentry4.o,0.009724%,6,0,6,0,0,0
printf2.o,0.006483%,4,0,4,0,0,0
printf1.o,0.006483%,4,0,4,0,0,0
_printf_percent_end.o,0.006483%,4,0,4,0,0,0
stm32f1xx_hal_tim_ex.o,0.006483%,4,0,4,0,0,0
use_no_semi_2.o,0.003241%,2,0,2,0,0,0
use_no_semi.o,0.003241%,2,0,2,0,0,0
rtexit.o,0.003241%,2,0,2,0,0,0
libshutdown2.o,0.003241%,2,0,2,0,0,0
libshutdown.o,0.003241%,2,0,2,0,0,0
libinit.o,0.003241%,2,0,2,0,0,0
